{
	"credit": "Made with Blockbench",
	"textures": {
		"0": "item/0-05",
		"1": "item/back",
		"particle": "item/0-05"
	},
	"elements": [
		{
			"from": [0, 0, -2],
			"to": [16, 0, 18],
			"faces": {
				"north": {"uv": [0, 0, 16, 0], "texture": "#missing"},
				"east": {"uv": [0, 0, 16, 0], "texture": "#missing"},
				"south": {"uv": [0, 0, 16, 0], "texture": "#missing"},
				"west": {"uv": [0, 0, 16, 0], "texture": "#missing"},
				"up": {"uv": [0, 0, 16, 16], "texture": "#0"},
				"down": {"uv": [0, 0, 16, 16], "rotation": 180, "texture": "#1"}
			}
		}
	],
	"gui_light": "front",
	"display": {
		"thirdperson_righthand": {
			"rotation": [90, 0, 0],
			"translation": [0, 3, 3],
			"scale": [0.3, 0.3, 0.3]
		},
		"thirdperson_lefthand": {
			"rotation": [90, 0, 0],
			"translation": [0, 3, 3],
			"scale": [0.3, 0.3, 0.3]
		},
		"firstperson_righthand": {
			"rotation": [90, 0, 0],
			"translation": [1, 7, 4],
			"scale": [0.5, 0.5, 0.5]
		},
		"firstperson_lefthand": {
			"rotation": [90, 0, 0],
			"translation": [1, 7, 4],
			"scale": [0.5, 0.5, 0.5]
		},
		"ground": {
			"translation": [0, 2, 0],
			"scale": [0.3, 0.3, 0.3]
		},
		"gui": {
			"rotation": [90, 0, 0],
			"scale": [0.9, 0.9, 0.9]
		},
		"head": {
			"rotation": [-180, -180, -180],
			"translation": [0, 5, 0],
			"scale": [0.9, 0.9, 0.9]
		},
		"fixed": {
			"rotation": [90, 0, -180],
			"translation": [0, 0, -13],
			"scale": [1.5, 1.5, 1.5]
		}
	}
}
