{
  "parent": "minecraft:item/handheld_rod",
  "textures": {
    "layer0": "minecraft:item/carrot_on_a_stick"
  },
  "overrides": [
    {
      "predicate": {
        "custom_model_data":1
        },
        "model": "item/0-01"
    },
    {
      "predicate": {
        "custom_model_data":2
        },
        "model": "item/0-02"
    },
    {
      "predicate": {
        "custom_model_data":3
        },
        "model": "item/0-03"
    },
    {
      "predicate": {
        "custom_model_data":4
        },
        "model": "item/0-04"
    },
    {
      "predicate": {
        "custom_model_data":5
        },
        "model": "item/0-05"
    },
    {
      "predicate": {
        "custom_model_data":101
        },
        "model": "item/1-01"
    },
    {
      "predicate": {
        "custom_model_data":102
        },
        "model": "item/1-02"
    },
    {
      "predicate": {
        "custom_model_data":201
        },
        "model": "item/2-01"
    },
    {
      "predicate": {
        "custom_model_data":202
        },
        "model": "item/2-02"
    },
    {
      "predicate": {
        "custom_model_data":301
        },
        "model": "item/3-01"
    },
    {
      "predicate": {
        "custom_model_data":401
        },
        "model": "item/4-01"
    },
    {
      "predicate": {
        "custom_model_data":501
        },
        "model": "item/5-01"
    },
    {
      "predicate": {
        "custom_model_data":601
        },
        "model": "item/6-01"
    }
  ]
}
