{
    "providers": [
        {
            "type": "ttf",
            "file": "minecraft:negative_spaces.ttf",
            "shift": [0.0, 0.0],
            "size": 10.0,
            "oversample": 1.0
        },
        {
            "type": "bitmap",
            "file": "minecraft:font/emerald.png",
            "ascent": 8,
            "height": 9,
            "chars": [
                "\uE000"
            ]
        },
        {
            "type": "bitmap",
            "file": "minecraft:font/strength.png",
            "ascent": 8,
            "height": 9,
            "chars": [
                "\uE001"
            ]
        },
        {
            "type": "bitmap",
            "file": "minecraft:font/regeneration.png",
            "ascent": 8,
            "height": 9,
            "chars": [
                "\uE002"
            ]
        },
        {
            "type": "bitmap",
            "file": "minecraft:font/health_boost.png",
            "ascent": 7,
            "height": 9,
            "chars": [
                "\uE003"
            ]
        },
        {
            "type": "bitmap",
            "file": "minecraft:font/wither.png",
            "ascent": 7,
            "height": 9,
            "chars": [
                "\uE004"
            ]
        },
        {
            "type": "bitmap",
            "file": "minecraft:font/glowing.png",
            "ascent": 7,
            "height": 9,
            "chars": [
                "\uE005"
            ]
        },
        {
            "type": "bitmap",
            "file": "minecraft:font/resistance.png",
            "ascent": 7,
            "height": 9,
            "chars": [
                "\uE006"
            ]
        },
        {
            "type": "bitmap",
            "file": "minecraft:font/luck.png",
            "ascent": 7,
            "height": 9,
            "chars": [
                "\uE007"
            ]
        },
        {
            "type": "bitmap",
            "file": "minecraft:font/bone.png",
            "ascent": 7,
            "height": 9,
            "chars": [
                "\uE008"
            ]
        },
        {
            "type": "bitmap",
            "file": "minecraft:font/trident.png",
            "ascent": 7,
            "height": 9,
            "chars": [
                "\uE009"
            ]
        },
        {
            "type": "bitmap",
            "file": "minecraft:font/poison.png",
            "ascent": 7,
            "height": 9,
            "chars": [
                "\uE010"
            ]
        },
        {
            "type": "bitmap",
            "file": "minecraft:font/invisibility.png",
            "ascent": 7,
            "height": 9,
            "chars": [
                "\uE011"
            ]
        },
        {
            "type": "bitmap",
            "file": "minecraft:font/levitation.png",
            "ascent": 7,
            "height": 9,
            "chars": [
                "\uE012"
            ]
        },
        {
            "type": "bitmap",
            "file": "minecraft:font/jump_boost.png",
            "ascent": 7,
            "height": 9,
            "chars": [
                "\uE013"
            ]
        },
        {
            "type": "bitmap",
            "file": "minecraft:font/weakness.png",
            "ascent": 7,
            "height": 9,
            "chars": [
                "\uE014"
            ]
        },
        {
            "type": "bitmap",
            "file": "minecraft:font/bad_omen.png",
            "ascent": 7,
            "height": 9,
            "chars": [
                "\uE015"
            ]
        },
        {
            "type": "bitmap",
            "file": "minecraft:font/cost.png",
            "ascent": -15,
            "height": 10,
            "chars": [
                "\uE100"
            ]
        },
        {
            "type": "bitmap",
            "file": "minecraft:font/cost_0.png",
            "ascent": -15,
            "height": 10,
            "chars": [
                "\uE101"
            ]
        }
    ]
}
